date,open,high,low,close,volume,factor
2023-01-31,14.16,14.26,14.12,14.21,57594.0,1.0
2023-02-01,14.23,14.57,14.21,14.52,107797.0,1.0
2023-02-02,14.52,14.72,14.45,14.5,115191.0,1.0
2023-02-03,14.46,14.78,14.44,14.77,156534.0,1.0
2023-02-06,14.65,14.88,14.6,14.86,112518.0,1.0
2023-02-07,14.85,15.29,14.81,15.03,179069.0,1.0
2023-02-08,15.08,15.23,14.88,14.94,109247.0,1.0
2023-02-09,14.82,17.27,14.78,17.07,728626.0,1.0
2023-02-10,17.3,19.07,17.28,18.28,1121163.0,1.0
2023-02-13,18.47,19.47,17.97,19.27,808182.0,1.0
2023-02-14,18.55,19.15,17.69,18.04,726352.0,1.0
2023-02-15,17.88,19.37,17.48,19.03,942258.0,1.0
2023-02-16,19.0,19.5,17.72,18.04,812579.0,1.0
2023-02-17,18.04,18.09,17.13,17.22,487395.0,1.0
2023-02-20,17.22,18.15,16.85,17.95,465367.0,1.0
2023-02-21,17.84,18.19,17.48,17.66,266359.0,1.0
2023-02-22,17.66,17.92,17.17,17.68,247058.0,1.0
2023-02-23,17.61,18.2,17.16,17.4,173627.0,1.0
2023-02-24,18.0,18.1,17.5,17.7,318294.0,1.0
2023-02-27,17.41,17.8,16.91,17.01,266255.0,1.0
2023-02-28,17.12,17.56,17.03,17.37,216908.0,1.0
2023-03-01,17.37,18.18,17.07,17.88,298830.0,1.0
2023-03-02,17.88,18.15,17.61,17.7,225922.0,1.0
2023-03-03,17.87,18.16,17.6,18.03,269756.0,1.0
2023-03-06,17.96,18.29,17.48,17.85,226019.0,1.0
2023-03-07,17.85,17.85,16.95,17.06,268481.0,1.0
2023-03-08,16.99,17.39,16.88,17.3,240963.0,1.0
2023-03-09,17.38,17.47,17.1,17.28,129877.0,1.0
2023-03-10,17.06,17.35,16.76,16.76,185788.0,1.0
2023-03-13,16.62,16.85,16.4,16.73,188334.0,1.0
2023-03-14,16.68,16.68,15.8,16.2,243924.0,1.0
2023-03-15,16.29,16.37,15.78,15.82,174702.0,1.0
2023-03-16,15.73,15.85,15.26,15.38,197810.0,1.0
2023-03-17,15.5,16.65,15.49,16.16,341888.0,1.0
2023-03-20,16.44,17.16,16.31,16.95,394066.0,1.0
2023-03-21,16.92,17.75,16.72,17.23,338482.0,1.0
2023-03-22,17.61,18.9,16.99,18.31,730131.0,1.0
2023-03-23,18.36,19.91,18.32,19.74,860227.0,1.0
2023-03-24,19.7,19.87,18.96,19.5,613723.0,1.0
2023-03-27,19.5,20.83,19.38,19.66,617655.0,1.0
2023-03-28,19.51,19.6,18.33,18.47,448423.0,1.0
2023-03-29,18.6,19.0,18.19,18.39,320068.0,1.0
2023-03-30,18.4,18.68,17.65,18.05,282728.0,1.0
2023-03-31,18.05,18.05,17.5,17.88,288368.0,1.0
2023-04-03,17.9,18.22,17.01,17.65,579642.0,1.0
2023-04-04,17.72,19.78,17.54,19.14,875208.0,1.0
2023-04-06,18.75,22.7,18.71,22.45,1260937.0,1.0
2023-04-07,22.01,22.01,20.5,21.18,917440.0,1.0
2023-04-10,20.82,21.36,19.75,19.97,696130.0,1.0
2023-04-11,20.0,20.44,19.6,19.96,613005.0,1.0
2023-04-12,19.78,20.92,19.41,20.48,836635.0,1.0
2023-04-13,20.4,20.4,18.99,19.15,703118.0,1.0
2023-04-14,19.0,19.54,18.51,19.37,472659.0,1.0
2023-04-17,19.59,19.64,18.91,19.16,349955.0,1.0
2023-04-18,19.22,20.23,18.81,19.94,514012.0,1.0
2023-04-19,19.88,21.5,19.82,20.77,876719.0,1.0
2023-04-20,21.25,22.3,20.7,21.69,845515.0,1.0
2023-04-21,21.73,21.73,20.1,20.7,675452.0,1.0
2023-04-24,20.67,21.72,20.53,21.12,567392.0,1.0
2023-04-25,21.02,21.08,19.79,19.98,526020.0,1.0
2023-04-26,19.72,19.98,17.56,17.76,756177.0,1.0
2023-04-27,17.52,18.51,17.26,17.47,454260.0,1.0
2023-04-28,16.83,19.0,16.83,18.51,515057.0,1.0
2023-05-04,18.05,18.32,16.95,17.1,408670.0,1.0
2023-05-05,17.1,17.72,16.46,16.62,392950.0,1.0
2023-05-08,16.71,17.24,16.43,17.08,323268.0,1.0
2023-05-09,17.08,18.16,16.9,17.17,488536.0,1.0
2023-05-10,17.13,17.23,16.43,16.7,334620.0,1.0
2023-05-11,16.85,17.12,16.59,16.8,239031.0,1.0
2023-05-12,16.85,17.03,16.15,16.25,282278.0,1.0
2023-05-15,16.1,16.4,15.81,16.36,190731.0,1.0
2023-05-16,16.17,16.46,15.84,16.03,201941.0,1.0
2023-05-17,15.85,16.42,15.85,16.24,167212.0,1.0
2023-05-18,16.25,18.1,16.25,17.55,575243.0,1.0
2023-05-19,17.78,18.79,17.61,18.64,645510.0,1.0
2023-05-22,18.37,19.2,18.11,18.71,506468.0,1.0
2023-05-23,18.61,20.4,18.61,19.57,787902.0,1.0
2023-05-24,19.17,20.96,19.17,20.14,808605.0,1.0
2023-05-25,22.2,22.72,19.2,20.07,1378859.0,1.0
2023-05-26,20.56,24.08,20.54,24.08,1699335.0,1.0
2023-05-29,25.0,27.26,24.62,25.49,1922923.0,1.0
2023-05-30,25.51,26.98,24.4,26.9,1652001.0,1.0
2023-05-31,27.3,29.63,26.66,28.0,1761338.0,1.0
2023-06-01,27.0,28.68,26.72,27.94,1379441.0,1.0
2023-06-02,28.79,29.29,26.5,26.5,1373129.0,1.0
2023-06-05,26.36,26.7,25.3,25.56,1249656.0,1.0
2023-06-06,25.54,26.11,24.63,24.8,946501.0,1.0
2023-06-07,24.75,25.48,24.38,24.86,1056293.0,1.0
2023-06-08,24.2,24.47,23.41,23.74,999374.0,1.0
2023-06-09,24.1,25.22,23.51,25.1,1206228.0,1.0
2023-06-12,25.6,26.91,24.95,25.66,1286133.0,1.0
2023-06-13,25.34,26.28,25.07,25.72,873427.0,1.0
2023-06-14,25.89,27.36,25.37,26.69,1193770.0,1.0
2023-06-15,26.8,27.29,25.28,25.5,1067457.0,1.0
2023-06-16,25.0,26.49,24.95,26.07,783942.0,1.0
2023-06-19,26.04,26.79,25.27,26.63,915202.0,1.0
2023-06-20,26.1,26.4,25.41,25.88,700966.0,1.0
2023-06-21,25.76,25.78,24.0,24.27,757717.0,1.0
2023-06-26,23.84,24.24,22.8,22.99,576361.0,1.0
2023-06-27,23.0,23.25,22.5,22.75,335723.0,1.0
2023-06-28,22.75,22.75,21.3,21.91,462746.0,1.0
2023-06-29,21.86,22.54,21.83,22.29,407410.0,1.0
2023-06-30,22.28,24.44,22.02,24.11,758635.0,1.0
2023-07-03,23.99,24.55,23.12,24.0,468440.0,1.0
2023-07-04,23.98,24.62,23.57,24.05,434917.0,1.0
2023-07-05,24.0,24.9,23.62,23.65,371975.0,1.0
2023-07-06,23.23,25.31,23.21,24.79,614005.0,1.0
2023-07-07,24.61,24.76,22.85,23.52,471581.0,1.0
2023-07-10,23.54,23.9,22.8,23.08,293719.0,1.0
2023-07-11,23.01,23.65,23.01,23.19,234933.0,1.0
2023-07-12,23.06,23.34,22.22,22.25,250057.0,1.0
2023-07-13,22.63,24.41,22.42,24.1,501210.0,1.0
2023-07-14,24.49,26.12,24.3,25.87,862241.0,1.0
2023-07-17,26.58,27.59,26.05,26.88,973708.0,1.0
2023-07-18,27.04,28.63,26.62,26.72,949343.0,1.0
2023-07-19,27.01,28.25,26.68,26.8,633241.0,1.0
2023-07-20,26.72,27.0,24.33,24.45,669640.0,1.0
2023-07-21,24.2,25.05,23.82,24.23,355021.0,1.0
2023-07-24,24.01,26.36,24.0,25.09,610827.0,1.0
2023-07-25,25.47,26.3,24.7,25.4,594636.0,1.0
2023-07-26,25.38,25.38,23.5,24.16,484614.0,1.0
2023-07-27,24.52,24.68,23.49,23.53,336332.0,1.0
2023-07-28,23.53,23.9,22.9,23.21,333555.0,1.0
2023-07-31,22.75,23.25,21.8,22.58,355545.0,1.0
2023-08-01,22.79,23.63,22.18,23.21,453760.0,1.0
2023-08-02,22.84,23.55,22.8,23.34,300364.0,1.0
2023-08-03,23.13,23.37,22.38,23.0,283412.0,1.0
2023-08-04,22.91,23.84,22.85,23.65,371817.0,1.0
2023-08-07,23.65,24.84,23.51,23.97,405032.0,1.0
2023-08-08,23.9,24.3,23.23,23.42,230717.0,1.0
2023-08-09,23.13,23.48,22.21,22.36,342290.0,1.0
2023-08-10,22.29,22.29,21.44,21.81,284677.0,1.0
2023-08-11,21.93,22.2,21.3,21.35,232169.0,1.0
2023-08-14,21.01,21.61,20.79,21.59,230872.0,1.0
2023-08-15,22.1,22.6,21.3,21.64,400574.0,1.0
2023-08-16,21.09,21.75,21.0,21.15,243465.0,1.0
2023-08-17,21.02,21.52,20.7,21.33,261138.0,1.0
2023-08-18,21.2,21.44,20.24,20.26,333990.0,1.0
2023-08-21,20.32,20.66,20.13,20.2,207048.0,1.0
2023-08-22,20.82,21.43,20.21,21.2,324156.0,1.0
2023-08-23,20.87,20.97,20.14,20.18,225668.0,1.0
2023-08-24,21.0,21.79,20.46,21.19,482760.0,1.0
2023-08-25,20.49,20.86,19.58,19.76,456188.0,1.0
2023-08-28,21.05,21.25,20.3,20.4,365014.0,1.0
2023-08-29,20.38,21.61,19.98,21.4,381696.0,1.0
2023-08-30,21.63,22.16,21.4,21.72,345546.0,1.0
2023-08-31,21.5,22.35,21.31,22.06,316091.0,1.0
2023-09-01,21.83,22.22,21.6,22.08,220925.0,1.0
2023-09-04,21.9,22.46,21.9,22.42,234917.0,1.0
2023-09-05,22.25,22.39,21.83,22.06,202820.0,1.0
2023-09-06,21.92,22.12,21.75,22.01,204149.0,1.0
2023-09-07,21.96,22.01,21.24,21.45,243677.0,1.0
2023-09-08,21.16,21.48,20.98,21.16,162718.0,1.0
2023-09-11,21.22,22.16,21.03,21.78,197977.0,1.0
2023-09-12,21.8,25.99,21.77,23.91,845952.0,1.0
2023-09-13,23.01,23.08,21.81,22.05,591156.0,1.0
2023-09-14,22.05,22.15,21.38,21.57,281220.0,1.0
2023-09-15,21.5,21.59,20.73,20.87,254111.0,1.0
2023-09-18,20.68,21.29,20.6,20.77,182383.0,1.0
2023-09-19,20.7,20.85,20.18,20.72,177325.0,1.0
2023-09-20,20.67,21.66,20.65,20.75,288513.0,1.0
2023-09-21,20.54,21.17,20.54,20.57,168776.0,1.0
2023-09-22,20.44,22.86,20.41,22.7,542598.0,1.0
2023-09-25,22.72,23.05,22.5,22.8,352091.0,1.0
2023-09-26,22.8,23.35,22.48,22.51,285975.0,1.0
2023-09-27,22.41,22.69,22.09,22.15,206250.0,1.0
2023-09-28,22.41,22.86,22.25,22.36,192017.0,1.0
2023-10-09,22.32,23.1,22.2,22.5,283680.0,1.0
2023-10-10,22.78,22.88,22.15,22.22,162753.0,1.0
2023-10-11,22.21,23.3,22.16,22.82,324522.0,1.0
2023-10-12,22.85,23.43,22.69,22.93,214947.0,1.0
2023-10-13,22.75,22.89,22.39,22.49,156343.0,1.0
2023-10-16,22.29,22.45,21.71,21.88,172984.0,1.0
2023-10-17,22.0,22.1,21.47,21.69,144727.0,1.0
2023-10-18,21.01,21.06,18.83,19.98,550637.0,1.0
2023-10-19,19.7,20.2,19.5,19.89,242253.0,1.0
2023-10-20,19.86,20.1,19.11,19.22,179588.0,1.0
2023-10-23,19.22,19.22,18.18,18.41,231106.0,1.0
2023-10-24,18.68,19.14,18.52,18.66,176450.0,1.0
2023-10-25,19.01,19.54,18.8,19.04,198041.0,1.0
2023-10-26,18.68,19.22,18.54,19.13,183814.0,1.0
2023-10-27,18.98,19.29,18.7,19.12,217391.0,1.0
2023-10-30,18.93,20.08,18.88,20.0,279392.0,1.0
2023-10-31,20.04,20.38,19.25,20.3,305605.0,1.0
2023-11-01,19.88,20.63,19.69,20.63,367456.0,1.0
2023-11-02,20.96,21.0,19.45,19.47,442575.0,1.0
2023-11-03,19.59,20.19,19.49,19.91,267779.0,1.0
2023-11-06,20.03,21.08,20.03,20.93,326089.0,1.0
2023-11-07,20.87,21.47,20.61,21.16,251958.0,1.0
2023-11-08,21.0,21.4,20.7,20.89,233948.0,1.0
2023-11-09,20.93,21.54,20.75,21.22,299072.0,1.0
2023-11-10,21.3,21.45,20.52,20.67,333885.0,1.0
2023-11-13,20.87,21.58,20.84,21.06,304357.0,1.0
2023-11-14,21.17,21.58,21.0,21.26,213561.0,1.0
2023-11-15,21.76,21.8,21.01,21.1,210021.0,1.0
2023-11-16,21.0,21.26,20.7,20.7,147714.0,1.0
2023-11-17,20.56,21.26,20.56,21.19,203355.0,1.0
2023-11-20,21.27,21.49,20.82,21.01,209604.0,1.0
2023-11-21,21.06,21.19,20.54,20.58,184957.0,1.0
2023-11-22,20.4,20.42,19.66,19.7,264811.0,1.0
2023-11-23,19.85,20.28,19.7,20.2,156612.0,1.0
2023-11-24,20.16,20.16,19.29,19.41,167114.0,1.0
2023-11-27,19.3,19.65,19.09,19.17,207368.0,1.0
2023-11-28,19.31,19.47,18.84,19.41,178738.0,1.0
2023-11-29,19.27,19.76,19.27,19.49,148799.0,1.0
2023-11-30,19.52,19.52,19.02,19.26,118812.0,1.0
2023-12-01,19.26,19.85,19.14,19.69,165267.0,1.0
2023-12-04,19.75,19.79,19.32,19.58,171871.0,1.0
2023-12-05,19.51,19.57,18.8,18.8,165629.0,1.0
2023-12-06,18.79,19.0,18.66,18.7,124631.0,1.0
2023-12-07,18.63,19.14,18.63,18.95,125728.0,1.0
2023-12-08,19.1,20.26,19.0,19.88,364993.0,1.0
2023-12-11,19.71,19.72,19.0,19.7,241854.0,1.0
2023-12-12,19.64,19.75,19.29,19.45,152656.0,1.0
2023-12-13,19.39,19.62,19.3,19.31,124678.0,1.0
2023-12-14,19.52,19.89,19.25,19.25,173389.0,1.0
2023-12-15,19.27,19.39,18.87,18.97,136112.0,1.0
2023-12-18,18.87,18.93,18.5,18.54,111521.0,1.0
2023-12-19,18.56,18.71,18.3,18.52,138269.0,1.0
2023-12-20,18.65,18.65,18.06,18.06,126262.0,1.0
2023-12-21,17.93,18.41,17.78,18.18,143792.0,1.0
2023-12-22,18.2,18.27,17.71,17.8,134677.0,1.0
2023-12-25,17.82,18.04,17.71,17.87,92794.0,1.0
2023-12-26,17.88,17.92,17.3,17.45,109000.0,1.0
2023-12-27,17.45,17.76,17.4,17.6,89877.0,1.0
2023-12-28,17.59,18.04,17.44,17.9,141843.0,1.0
2023-12-29,17.89,18.6,17.89,18.45,190536.0,1.0
2024-01-02,18.5,18.62,18.21,18.23,119039.0,1.0
2024-01-03,18.2,18.23,17.48,17.63,161376.0,1.0
2024-01-04,17.67,17.67,17.33,17.43,84731.0,1.0
2024-01-05,17.44,17.55,16.8,16.89,132426.0,1.0
2024-01-08,16.88,16.95,16.5,16.53,147994.0,1.0
2024-01-09,16.99,17.55,16.77,16.89,207063.0,1.0
2024-01-10,16.8,16.99,16.35,16.57,138546.0,1.0
2024-01-11,16.51,17.22,16.43,17.09,144757.0,1.0
2024-01-12,17.03,17.19,16.64,16.68,154408.0,1.0
2024-01-15,16.6,17.02,16.51,16.76,136906.0,1.0
2024-01-16,16.73,16.84,16.28,16.59,154644.0,1.0
2024-01-17,16.69,16.87,16.22,16.23,130565.0,1.0
2024-01-18,16.09,16.63,15.9,16.61,183926.0,1.0
2024-01-19,16.6,17.18,16.52,16.52,214905.0,1.0
2024-01-22,16.99,17.25,15.82,15.86,255111.0,1.0
2024-01-23,15.7,16.73,15.7,16.49,257245.0,1.0
2024-01-24,17.32,17.51,16.07,16.89,314609.0,1.0
2024-01-25,16.88,18.07,16.39,18.0,503264.0,1.0
2024-01-26,17.8,18.08,17.25,17.35,366014.0,1.0
2024-01-29,17.39,17.39,15.89,15.9,350966.0,1.0
2024-01-30,15.96,16.27,15.36,15.42,170068.0,1.0
2024-01-31,15.3,15.69,14.81,14.84,208778.0,1.0
2024-02-01,14.66,16.24,14.4,15.78,325499.0,1.0
2024-02-02,15.75,16.38,14.65,15.04,270433.0,1.0
2024-02-05,15.04,15.66,13.86,14.99,328502.0,1.0
2024-02-06,14.6,16.76,14.56,16.57,358631.0,1.0
2024-02-07,16.53,17.33,16.41,16.96,326120.0,1.0
2024-02-08,17.07,18.99,16.98,17.55,398250.0,1.0
2024-02-19,18.68,20.94,18.35,20.46,733652.0,1.0
2024-02-20,19.91,20.14,19.46,19.78,469677.0,1.0
2024-02-21,19.07,19.65,18.86,19.11,407934.0,1.0
2024-02-22,19.9,20.75,19.72,20.33,562685.0,1.0
2024-02-23,21.1,21.45,20.06,20.68,609306.0,1.0
2024-02-26,20.1,20.55,19.7,20.2,403135.0,1.0
2024-02-27,19.98,22.5,19.9,22.43,798242.0,1.0
2024-02-28,22.07,22.48,20.46,20.6,638977.0,1.0
2024-02-29,20.53,22.0,20.53,21.73,412525.0,1.0
2024-03-01,22.1,23.23,21.87,23.05,651821.0,1.0
2024-03-04,24.5,26.28,23.98,25.18,841839.0,1.0
2024-03-05,24.61,25.86,24.15,24.5,662583.0,1.0
2024-03-06,24.3,24.45,23.66,23.94,358296.0,1.0
2024-03-07,24.28,25.23,23.95,23.95,446306.0,1.0
2024-03-08,24.56,26.79,24.1,26.57,640758.0,1.0
2024-03-11,25.5,26.49,25.0,26.3,536300.0,1.0
2024-03-12,25.82,26.09,24.58,25.42,461704.0,1.0
2024-03-13,26.05,27.94,25.31,26.75,663107.0,1.0
2024-03-14,26.01,26.88,25.6,26.02,394432.0,1.0
2024-03-15,25.79,27.45,25.3,27.25,466798.0,1.0
2024-03-18,27.15,28.39,26.89,27.16,484056.0,1.0
2024-03-19,26.73,27.16,26.3,26.6,313996.0,1.0
2024-03-20,26.5,27.28,25.9,26.12,329950.0,1.0
2024-03-21,26.11,26.48,25.52,25.58,297896.0,1.0
2024-03-22,25.81,26.11,25.28,25.4,298118.0,1.0
2024-03-25,25.69,25.79,24.11,24.23,396960.0,1.0
2024-03-26,24.6,25.04,23.96,24.21,428281.0,1.0
2024-03-27,23.85,24.22,22.97,23.6,417216.0,1.0
2024-03-28,23.59,24.7,23.59,24.48,440648.0,1.0
2024-03-29,24.18,24.26,23.61,24.22,279171.0,1.0
2024-04-01,24.22,24.88,23.21,24.47,383510.0,1.0
2024-04-02,24.47,24.99,24.01,24.18,358061.0,1.0
2024-04-03,24.0,24.43,23.36,23.94,270229.0,1.0
2024-04-08,23.71,24.75,23.57,24.19,297008.0,1.0
2024-04-09,24.0,24.33,23.57,24.19,224114.0,1.0
2024-04-10,24.0,24.05,23.26,23.4,222339.0,1.0
2024-04-11,23.39,23.91,23.04,23.09,209891.0,1.0
2024-04-12,23.5,24.6,23.3,23.92,376502.0,1.0
2024-04-15,23.8,25.75,23.79,25.5,609099.0,1.0
2024-04-16,24.97,25.99,24.29,24.64,524062.0,1.0
2024-04-17,24.89,26.97,24.89,26.5,493588.0,1.0
2024-04-18,26.01,27.52,25.73,26.98,397299.0,1.0
2024-04-19,26.0,26.97,25.39,26.14,418449.0,1.0
2024-04-22,23.98,25.24,22.78,25.0,419825.0,1.0
2024-04-23,25.37,26.1,25.05,25.41,234547.0,1.0
2024-04-24,25.79,30.49,25.68,30.05,839457.0,1.0
2024-04-25,30.0,30.07,29.05,29.43,498290.0,1.0
2024-04-26,30.22,31.2,29.47,30.53,737692.0,1.0
2024-04-29,30.7,31.3,29.99,30.58,461866.0,1.0
2024-04-30,30.5,30.76,29.56,29.68,374326.0,1.0
2024-05-06,30.15,30.47,28.9,29.19,389092.0,1.0
2024-05-07,29.88,30.85,29.1,29.35,452966.0,1.0
2024-05-08,28.9,31.49,28.9,30.35,518337.0,1.0
2024-05-09,29.8,30.89,29.71,30.35,270055.0,1.0
2024-05-10,29.9,30.1,28.36,28.74,394884.0,1.0
2024-05-13,28.74,29.19,28.18,28.45,261997.0,1.0
2024-05-14,28.53,28.86,26.81,27.41,374509.0,1.0
2024-05-15,27.45,29.8,27.28,28.76,423333.0,1.0
2024-05-16,30.5,31.25,30.0,30.3,485551.0,1.0
2024-05-17,30.28,30.66,28.89,30.0,362339.0,1.0
2024-05-20,29.6,30.75,29.25,30.1,346216.0,1.0
2024-05-21,30.81,31.06,29.48,29.95,340247.0,1.0
2024-05-22,29.5,29.7,28.94,29.15,261584.0,1.0
2024-05-23,29.83,29.85,28.11,28.64,391315.0,1.0
2024-05-24,28.64,29.17,27.25,27.61,326738.0,1.0
2024-05-27,27.78,28.28,27.0,28.18,320624.0,1.0
2024-05-28,27.8,28.07,26.62,26.89,347890.0,1.0
2024-05-29,27.21,27.68,26.89,27.19,206021.0,1.0
2024-05-30,27.0,27.97,26.4,27.6,219090.0,1.0
2024-05-31,27.4,28.13,26.85,27.34,229827.0,1.0
2024-06-03,27.3,29.5,27.26,29.23,456712.0,1.0
2024-06-04,29.22,31.29,29.01,30.91,534181.0,1.0
2024-06-05,30.92,32.64,30.57,31.0,483127.0,1.0
2024-06-06,31.8,33.33,31.38,31.63,517692.0,1.0
2024-06-07,31.02,31.8,29.94,30.5,359568.0,1.0
2024-06-11,30.65,31.41,30.25,30.87,268617.0,1.0
2024-06-12,31.01,31.37,29.14,29.73,436633.0,1.0
2024-06-13,29.97,31.82,29.84,30.87,434144.0,1.0
2024-06-14,30.84,34.2,30.55,33.02,672163.0,1.0
2024-06-17,33.5,34.17,32.56,33.62,360729.0,1.0
2024-06-18,33.35,34.83,33.03,33.64,385562.0,1.0
2024-06-19,34.0,34.51,32.87,32.9,282563.0,1.0
2024-06-20,33.0,33.22,32.02,32.05,198649.0,1.0
2024-06-21,31.4,32.64,31.3,31.95,218211.0,1.0
2024-06-24,31.95,32.42,30.88,31.12,288461.0,1.0
2024-06-25,30.6,30.6,29.6,29.85,276404.0,1.0
2024-06-26,30.88,32.22,30.88,31.95,424066.0,1.0
2024-06-27,31.21,32.45,30.93,31.04,322275.0,1.0
2024-06-28,30.87,33.26,30.87,32.26,392522.0,1.0
2024-07-01,31.9,34.29,30.94,33.63,450875.0,1.0
2024-07-02,34.35,34.77,33.23,33.38,393172.0,1.0
2024-07-03,33.55,34.8,33.34,33.62,329038.0,1.0
2024-07-04,34.0,35.44,33.63,34.09,331117.0,1.0
2024-07-05,33.99,34.19,32.21,33.68,327296.0,1.0
2024-07-08,33.8,34.54,33.35,33.88,237257.0,1.0
2024-07-09,34.06,38.3,33.82,38.28,479274.0,1.0
2024-07-10,38.0,39.99,37.94,39.69,436646.0,1.0
2024-07-11,39.69,39.7,37.45,38.68,420949.0,1.0
2024-07-12,37.56,40.99,36.81,39.06,466578.0,1.0
2024-07-15,38.99,39.75,37.69,38.95,310014.0,1.0
2024-07-16,38.8,42.29,38.7,41.65,447317.0,1.0
2024-07-17,41.0,41.51,39.2,39.5,331117.0,1.0
2024-07-18,38.4,39.38,36.52,38.74,425898.0,1.0
2024-07-19,38.0,38.35,37.14,37.4,265531.0,1.0
2024-07-22,37.5,40.65,37.41,39.81,391258.0,1.0
2024-07-23,40.08,41.6,39.71,39.88,386960.0,1.0
2024-07-24,39.88,43.82,39.88,41.18,419964.0,1.0
2024-07-25,39.77,40.5,37.98,38.35,398012.0,1.0
2024-07-26,38.61,39.3,37.79,38.58,285305.0,1.0
2024-07-29,38.39,40.92,37.39,39.47,329867.0,1.0
2024-07-30,39.9,40.07,37.8,38.74,246654.0,1.0
2024-07-31,38.08,39.49,35.8,38.55,489589.0,1.0
2024-08-01,39.66,40.28,37.88,38.32,330291.0,1.0
2024-08-02,36.52,37.2,33.75,34.6,792921.0,1.0
2024-08-05,33.6,33.6,30.38,30.62,627306.0,1.0
2024-08-06,32.02,32.94,31.32,31.81,394836.0,1.0
2024-08-07,31.34,32.12,30.55,30.9,305888.0,1.0
2024-08-08,29.85,30.78,29.73,30.11,312011.0,1.0
2024-08-09,31.28,32.37,30.89,31.68,427377.0,1.0
2024-08-12,31.68,33.55,31.68,32.93,376225.0,1.0
2024-08-13,33.25,35.47,33.14,34.59,458646.0,1.0
2024-08-14,35.2,35.47,33.58,33.66,406334.0,1.0
2024-08-15,33.54,34.35,33.31,33.6,253439.0,1.0
2024-08-16,34.56,35.59,34.22,34.59,398535.0,1.0
2024-08-19,34.13,35.7,33.86,34.68,320427.0,1.0
2024-08-20,35.0,35.58,33.86,34.2,243351.0,1.0
2024-08-21,33.8,35.23,33.69,34.5,224007.0,1.0
2024-08-22,34.43,34.7,33.33,34.31,203984.0,1.0
2024-08-23,34.0,34.2,33.2,33.54,172769.0,1.0
2024-08-26,33.89,34.25,32.93,33.3,166436.0,1.0
2024-08-27,33.01,33.65,32.69,32.86,138652.0,1.0
2024-08-28,33.07,34.46,33.07,33.56,187788.0,1.0
2024-08-29,31.62,33.3,30.5,32.88,366041.0,1.0
2024-08-30,32.35,34.5,32.35,33.82,352212.0,1.0
2024-09-02,34.02,34.55,31.21,31.8,389088.0,1.0
2024-09-03,31.53,32.08,29.66,30.48,525869.0,1.0
2024-09-04,28.95,29.15,27.85,28.23,631487.0,1.0
2024-09-05,28.22,29.07,27.9,28.23,353221.0,1.0
2024-09-06,27.95,28.23,27.1,27.14,286660.0,1.0
2024-09-09,27.0,27.38,26.56,27.18,270118.0,1.0
2024-09-10,27.3,27.63,26.72,27.58,296487.0,1.0
2024-09-11,27.21,27.76,27.06,27.5,201526.0,1.0
2024-09-12,28.95,29.09,27.02,27.02,422304.0,1.0
2024-09-13,27.07,29.09,27.04,28.1,595043.0,1.0
2024-09-18,27.97,28.45,27.66,27.82,280894.0,1.0
2024-09-19,27.86,28.06,26.82,27.3,297427.0,1.0
2024-09-20,27.58,27.69,26.9,27.07,188593.0,1.0
2024-09-23,26.8,27.98,26.58,27.14,193339.0,1.0
2024-09-24,27.28,30.1,27.28,29.62,491637.0,1.0
2024-09-25,30.5,30.88,29.06,29.12,498393.0,1.0
2024-09-26,29.47,30.88,29.04,30.85,439691.0,1.0
2024-09-27,30.7,34.99,30.7,34.0,590612.0,1.0
2024-09-30,35.0,39.76,34.1,39.7,690147.0,1.0
2024-10-08,47.19,47.64,41.24,47.64,824131.0,1.0
2024-10-09,45.28,49.83,41.44,43.0,813511.0,1.0
2024-10-10,44.0,44.99,40.52,42.7,565776.0,1.0
2024-10-11,41.2,42.62,39.58,40.55,453629.0,1.0
2024-10-14,40.8,43.95,40.23,43.41,509513.0,1.0
2024-10-15,42.63,45.15,42.12,42.56,451912.0,1.0
2024-10-16,41.0,41.88,40.56,40.96,301224.0,1.0
2024-10-17,41.59,44.85,41.22,43.44,546191.0,1.0
2024-10-18,44.2,51.95,43.82,49.92,802012.0,1.0
2024-10-21,50.25,53.53,48.27,51.0,642329.0,1.0
2024-10-22,51.5,52.95,48.6,49.6,594921.0,1.0
2024-10-23,48.7,49.9,47.5,48.34,425707.0,1.0
2024-10-24,47.52,49.28,46.58,48.24,353673.0,1.0
2024-10-25,49.11,49.2,47.2,48.18,335147.0,1.0
2024-10-28,47.6,47.88,44.7,45.87,453812.0,1.0
2024-10-29,46.06,47.18,44.87,45.67,381740.0,1.0
2024-10-30,45.99,46.42,44.34,45.02,297674.0,1.0
2024-10-31,44.39,45.98,43.62,45.03,342614.0,1.0
2024-11-01,44.0,44.39,41.96,42.36,429358.0,1.0
2024-11-04,42.35,44.23,42.35,43.66,247206.0,1.0
2024-11-05,43.5,46.32,43.03,45.62,449114.0,1.0
2024-11-06,45.71,46.66,43.76,44.32,371440.0,1.0
2024-11-07,43.41,47.34,43.36,46.56,426816.0,1.0
2024-11-08,46.79,48.54,46.33,46.56,418424.0,1.0
2024-11-11,47.46,47.49,43.86,45.04,597343.0,1.0
2024-11-12,45.66,46.3,43.82,44.58,379829.0,1.0
2024-11-13,43.93,45.4,42.66,45.23,431817.0,1.0
2024-11-14,44.5,45.23,43.4,43.56,225089.0,1.0
2024-11-15,43.44,44.5,41.11,41.13,310198.0,1.0
2024-11-18,41.04,41.38,39.01,39.46,318393.0,1.0
2024-11-19,39.91,40.87,39.38,40.69,218586.0,1.0
2024-11-20,40.78,43.03,40.6,42.05,317639.0,1.0
2024-11-21,41.5,41.69,40.0,40.58,296222.0,1.0
2024-11-22,40.76,41.24,38.92,38.98,243045.0,1.0
2024-11-25,39.0,39.49,36.59,37.79,438481.0,1.0
2024-11-26,37.27,38.63,37.0,38.01,248924.0,1.0
2024-11-27,37.74,38.4,36.93,38.26,188224.0,1.0
2024-11-28,38.2,38.2,36.64,36.8,298024.0,1.0
2024-11-29,37.1,41.29,37.1,40.56,600138.0,1.0
2024-12-02,40.99,43.0,40.9,42.58,483102.0,1.0
2024-12-03,42.17,42.5,40.99,42.05,276087.0,1.0
2024-12-04,41.88,42.86,41.57,42.0,261091.0,1.0
2024-12-05,42.3,44.08,42.26,43.67,317009.0,1.0
2024-12-06,43.73,44.58,43.2,43.6,229910.0,1.0
2024-12-09,42.9,43.83,42.31,43.15,214902.0,1.0
2024-12-10,45.0,45.02,42.01,42.6,316799.0,1.0
2024-12-11,42.5,44.8,41.88,44.24,331066.0,1.0
2024-12-12,44.1,45.48,43.91,44.23,231438.0,1.0
2024-12-13,44.1,45.25,43.43,43.69,350108.0,1.0
2024-12-16,43.43,44.54,42.34,43.8,298481.0,1.0
2024-12-17,43.7,45.78,43.5,45.2,379175.0,1.0
2024-12-18,45.5,45.58,43.7,44.08,256148.0,1.0
2024-12-19,43.5,44.68,43.2,44.44,223387.0,1.0
2024-12-20,44.44,45.48,43.81,44.74,236677.0,1.0
2024-12-23,44.44,45.01,42.94,43.18,275326.0,1.0
2024-12-24,43.98,44.01,42.7,43.68,205838.0,1.0
2024-12-25,43.41,45.12,43.33,44.19,238614.0,1.0
2024-12-26,44.01,48.8,43.33,48.15,567605.0,1.0
2024-12-27,48.0,49.26,47.56,48.2,445675.0,1.0
2024-12-30,47.99,48.53,45.8,46.37,399055.0,1.0
2024-12-31,46.31,46.31,42.0,42.09,477962.0,1.0
2025-01-02,41.84,43.66,41.2,41.88,281636.0,1.0
2025-01-03,42.0,42.38,40.0,40.37,229732.0,1.0
2025-01-06,40.38,42.06,40.11,40.64,214594.0,1.0
2025-01-07,41.01,45.73,40.71,45.58,470394.0,1.0
2025-01-08,44.63,47.48,44.5,46.7,453941.0,1.0
2025-01-09,49.94,53.53,49.04,51.0,830469.0,1.0
2025-01-10,50.76,51.3,48.36,48.78,555243.0,1.0
2025-01-13,47.88,48.68,46.28,46.73,301367.0,1.0
2025-01-14,46.77,49.0,45.79,48.61,412071.0,1.0
2025-01-15,48.56,48.97,47.54,48.28,282714.0,1.0
2025-01-16,48.66,49.15,46.28,46.74,445020.0,1.0
2025-01-17,45.8,50.45,45.78,49.42,491773.0,1.0
2025-01-20,50.0,51.91,49.49,50.83,405871.0,1.0
2025-01-21,51.99,52.25,50.0,51.67,293404.0,1.0
2025-01-22,52.3,59.8,52.3,58.5,691383.0,1.0
2025-01-23,59.43,61.28,57.6,58.35,470796.0,1.0
2025-01-24,58.63,59.35,56.88,57.45,348663.0,1.0
2025-01-27,55.1,55.49,52.9,53.23,366857.0,1.0
2025-02-05,49.0,49.5,43.37,45.3,932566.0,1.0
2025-02-06,46.21,47.66,45.34,47.33,626489.0,1.0
2025-02-07,48.0,51.5,47.7,49.5,611133.0,1.0
2025-02-10,50.0,51.51,48.8,51.26,427119.0,1.0
2025-02-11,51.41,56.21,51.13,54.3,555867.0,1.0
2025-02-12,54.5,56.0,53.46,54.8,358437.0,1.0
2025-02-13,54.59,55.1,53.3,53.72,296701.0,1.0
2025-02-14,54.13,55.5,52.11,53.13,301174.0,1.0
2025-02-17,53.01,57.54,53.01,55.98,385014.0,1.0
2025-02-18,55.97,57.37,54.8,55.34,289410.0,1.0
2025-02-19,55.01,55.99,53.91,55.2,306708.0,1.0
2025-02-20,55.0,55.41,53.5,54.2,282883.0,1.0
2025-02-21,54.2,55.99,54.03,55.67,343879.0,1.0
2025-02-24,54.52,54.52,52.17,53.62,395964.0,1.0
2025-02-25,52.5,54.23,52.01,53.29,340658.0,1.0
2025-02-26,53.01,54.48,53.0,54.23,305066.0,1.0
2025-02-27,54.6,54.69,50.64,53.6,498982.0,1.0
2025-02-28,51.46,52.98,49.87,51.05,486010.0,1.0
2025-03-03,52.0,53.59,49.21,53.2,584196.0,1.0
2025-03-04,51.4,53.64,50.72,53.45,427559.0,1.0
2025-03-05,54.0,58.19,54.0,57.49,571250.0,1.0
2025-03-06,58.4,59.55,57.1,58.21,519527.0,1.0
2025-03-07,58.21,61.5,57.37,59.55,489236.0,1.0
2025-03-10,62.0,64.66,61.0,64.66,544860.0,1.0
2025-03-11,67.95,73.98,67.88,69.89,1008163.0,1.0
2025-03-12,71.0,72.49,69.44,69.84,663879.0,1.0
2025-03-13,70.84,74.66,70.28,71.74,671893.0,1.0
2025-03-14,72.97,83.53,71.74,82.0,829369.0,1.0
2025-03-17,84.37,92.86,83.33,92.14,841566.0,1.0
2025-03-18,92.76,92.82,89.91,91.51,698251.0,1.0
2025-03-19,92.97,92.99,84.39,85.1,880724.0,1.0
2025-03-20,85.68,86.88,84.1,84.7,531532.0,1.0
2025-03-21,84.0,88.77,84.0,85.16,543696.0,1.0
2025-03-24,85.95,91.13,85.6,90.09,697099.0,1.0
2025-03-25,91.0,91.0,83.82,84.71,707807.0,1.0
2025-03-26,83.77,86.19,83.77,85.32,359795.0,1.0
2025-03-27,83.85,85.0,81.5,83.03,415865.0,1.0
2025-03-28,83.01,85.18,82.59,82.96,278543.0,1.0
2025-03-31,82.96,83.43,79.2,81.01,380358.0,1.0
2025-04-01,81.9,81.99,78.88,79.12,313352.0,1.0
2025-04-02,80.8,82.26,80.01,80.68,290757.0,1.0
2025-04-03,77.2,78.06,72.66,73.0,567586.0,1.0
2025-04-07,64.26,66.6,59.6,63.3,766413.0,1.0
2025-04-08,65.5,66.9,59.01,61.22,665910.0,1.0
2025-04-09,59.99,65.8,59.0,64.2,785556.0,1.0
2025-04-10,71.0,73.32,67.23,67.46,890436.0,1.0
2025-04-11,67.1,72.35,65.11,71.27,760339.0,1.0
2025-04-14,74.0,74.0,70.46,71.26,673798.0,1.0
2025-04-15,71.0,76.68,69.6,75.35,637018.0,1.0
2025-04-16,72.0,73.82,71.02,73.18,530390.0,1.0
2025-04-17,72.0,75.35,71.51,73.53,426538.0,1.0
2025-04-18,73.9,78.99,73.9,78.07,542451.0,1.0
2025-04-21,78.88,82.98,77.77,82.4,548164.0,1.0
2025-04-22,81.0,81.24,76.4,76.4,654633.0,1.0
2025-04-23,78.86,80.49,75.1,76.4,666475.0,1.0
2025-04-24,75.61,77.59,72.88,74.74,498034.0,1.0
2025-04-25,76.55,79.69,76.06,77.18,531761.0,1.0
2025-04-28,76.74,77.63,75.4,76.28,302519.0,1.0
2025-04-29,75.5,76.19,74.01,74.22,349718.0,1.0
2025-04-30,74.1,75.1,73.01,73.15,371151.0,1.0
2025-05-06,74.77,79.2,74.34,79.15,579444.0,1.0
2025-05-07,80.5,80.92,76.61,77.19,460325.0,1.0
2025-05-08,77.95,80.44,77.03,79.82,602669.0,1.0
2025-05-09,78.91,78.91,76.38,77.26,368761.0,1.0
2025-05-12,79.5,81.15,78.1,80.04,466266.0,1.0
2025-05-13,80.5,82.68,78.65,79.35,505858.0,1.0
2025-05-14,81.97,84.58,80.0,80.99,612988.0,1.0
2025-05-15,80.15,80.88,76.7,76.84,442047.0,1.0
2025-05-16,76.16,78.37,76.16,76.97,267334.0,1.0
2025-05-19,76.52,76.55,75.25,76.0,209374.0,1.0
2025-05-20,76.18,80.52,75.91,79.95,438489.0,1.0
2025-05-21,78.75,79.77,77.55,79.14,284627.0,1.0
2025-05-22,78.1,78.71,76.0,76.28,323700.0,1.0
2025-05-23,76.01,77.94,75.35,75.69,263899.0,1.0
2025-05-26,76.04,81.19,75.87,80.2,595265.0,1.0
2025-05-27,79.19,80.66,78.0,80.0,345575.0,1.0
2025-05-28,81.0,84.96,80.48,83.38,514604.0,1.0
2025-05-29,84.0,85.36,82.66,84.31,462548.0,1.0
2025-05-30,82.83,87.68,82.2,86.48,430486.0,1.0
2025-06-03,85.4,86.1,83.72,85.07,303405.0,1.0
2025-06-04,86.0,88.4,85.92,86.85,342319.0,1.0
2025-06-05,86.12,103.97,86.06,101.01,721949.0,1.0
2025-06-06,99.56,101.3,99.01,100.2,431519.0,1.0
2025-06-09,101.88,103.1,99.8,100.8,427302.0,1.0
2025-06-10,101.01,106.6,99.7,104.61,509816.0,1.0
2025-06-11,105.04,109.0,104.0,106.84,444534.0,1.0
2025-06-12,105.4,109.4,104.69,106.01,393832.0,1.0
2025-06-13,105.56,109.58,103.8,105.11,399600.0,1.0
2025-06-16,108.01,114.38,107.01,111.9,458005.0,1.0
2025-06-17,113.0,113.86,110.23,111.08,305415.0,1.0
2025-06-18,110.44,119.5,109.8,117.0,503576.0,1.0
2025-06-19,117.06,118.72,116.0,117.1,324919.0,1.0
2025-06-20,117.3,117.39,110.0,113.64,427358.0,1.0
2025-06-23,112.21,113.96,109.66,113.2,293425.0,1.0
2025-06-24,113.92,117.5,113.5,116.5,338985.0,1.0
2025-06-25,118.5,126.0,116.7,122.8,446603.0,1.0
2025-06-26,125.95,130.2,124.5,128.5,375832.0,1.0
2025-06-27,128.04,135.63,127.3,132.5,373548.0,1.0
2025-06-30,134.0,135.39,128.87,134.38,366179.0,1.0
2025-07-01,133.21,139.3,133.21,137.6,284098.0,1.0
2025-07-02,134.0,136.3,131.34,134.58,246508.0,1.0
2025-07-03,137.47,142.78,136.9,142.68,358358.0,1.0
2025-07-04,144.0,150.0,143.1,146.31,414821.0,1.0
2025-07-07,144.54,148.2,138.5,144.23,372016.0,1.0
2025-07-08,144.29,157.2,144.29,157.2,449365.0,1.0
2025-07-09,156.0,157.0,151.7,152.7,383810.0,1.0
2025-07-10,156.0,156.5,140.78,145.12,675129.0,1.0
2025-07-11,145.01,146.94,140.11,145.05,441309.0,1.0
2025-07-14,143.26,146.78,142.2,144.35,275794.0,1.0
2025-07-15,148.02,165.56,148.02,164.06,634120.0,1.0
2025-07-16,162.29,163.29,154.88,155.03,474697.0,1.0
2025-07-17,155.38,170.32,155.03,169.87,510629.0,1.0
2025-07-18,170.26,174.48,161.52,162.07,542239.0,1.0
2025-07-21,161.62,162.9,155.26,157.84,419519.0,1.0
2025-07-22,156.51,158.98,150.5,153.08,530147.0,1.0
2025-07-23,151.13,156.3,148.49,153.17,339690.0,1.0
2025-07-24,157.9,159.47,151.64,154.8,361626.0,1.0
2025-07-25,154.36,158.32,153.5,155.53,229826.0,1.0
2025-07-28,162.0,184.95,160.24,182.77,723497.0,1.0
2025-07-29,183.01,189.6,182.0,189.25,452411.0,1.0
2025-07-30,187.0,193.26,184.5,192.07,424536.0,1.0
2025-07-31,197.83,200.0,190.64,192.08,557118.0,1.0
2025-08-01,186.04,195.89,186.04,191.35,376707.0,1.0
2025-08-04,187.62,189.5,183.58,188.53,327659.0,1.0
2025-08-05,194.2,195.32,183.5,189.47,306163.0,1.0
2025-08-06,188.53,201.99,188.0,197.65,348049.0,1.0
2025-08-07,195.8,199.62,184.0,191.7,363801.0,1.0
2025-08-08,188.13,194.64,188.06,192.37,186177.0,1.0
2025-08-11,193.0,206.88,190.3,202.45,351017.0,1.0
2025-08-12,203.99,217.6,202.55,216.88,371252.0,1.0
2025-08-13,215.5,238.0,214.01,238.0,387196.0,1.0
2025-08-14,232.0,237.34,225.3,225.69,333868.0,1.0
2025-08-15,227.87,234.62,225.9,230.7,263786.0,1.0
2025-08-18,231.0,245.0,222.0,231.77,425418.0,1.0
2025-08-19,229.98,242.2,229.0,234.65,334481.0,1.0
2025-08-20,223.97,226.8,216.18,224.5,388205.0,1.0
2025-08-21,225.36,226.6,210.0,216.16,427693.0,1.0
2025-08-22,217.0,224.99,214.35,220.1,404809.0,1.0
2025-08-25,224.04,249.4,208.88,239.9,837832.0,1.0
2025-08-26,233.0,233.97,220.5,220.9,635669.0,1.0
2025-08-27,209.86,232.0,208.88,216.57,798079.0,1.0
2025-08-28,216.12,259.87,212.0,259.0,996268.0,1.0
2025-08-29,261.0,278.8,253.88,267.29,773474.0,1.0
2025-09-01,272.97,279.5,257.55,270.37,718383.0,1.0
2025-09-02,279.4,293.64,260.1,270.5,835942.0,1.0
2025-09-03,269.2,277.77,260.0,270.31,561807.0,1.0
2025-09-04,285.0,288.0,243.38,246.5,745408.0,1.0
2025-09-05,256.0,295.8,249.03,295.8,872474.0,1.0
2025-09-08,290.0,290.0,258.82,273.4,806793.0,1.0
2025-09-09,261.0,267.35,247.67,259.5,624425.0,1.0
2025-09-10,271.56,299.05,266.0,290.67,886257.0,1.0
2025-09-11,300.26,345.88,290.43,338.0,929425.0,1.0
2025-09-12,320.01,352.49,319.9,339.58,718118.0,1.0
2025-09-15,337.01,339.0,320.8,329.56,497993.0,1.0
2025-09-16,340.01,355.0,329.58,346.99,644630.0,1.0
2025-09-17,341.1,350.99,318.0,333.87,640804.0,1.0
2025-09-18,323.33,339.39,318.13,323.5,575279.0,1.0
2025-09-19,327.5,329.12,316.28,318.02,391431.0,1.0
2025-09-22,318.0,320.9,305.15,315.36,425639.0,1.0
2025-09-23,333.0,335.93,300.0,314.0,650078.0,1.0
2025-09-24,304.0,309.33,298.0,307.42,435898.0,1.0
2025-09-25,302.22,308.0,287.98,299.4,558673.0,1.0
2025-09-26,299.43,307.71,285.3,285.4,485006.0,1.0
2025-09-29,283.07,294.88,280.2,290.8,399548.0,1.0
2025-09-30,292.0,293.7,275.52,285.5,495278.0,1.0
2025-10-09,289.1,295.95,284.0,285.46,411118.0,1.0
2025-10-10,280.0,284.38,264.0,266.14,512044.0,1.0
2025-10-13,249.0,266.64,249.0,258.36,422303.0,1.0
2025-10-14,265.97,268.4,249.33,251.13,444685.0,1.0
2025-10-15,254.0,271.19,246.06,266.9,558095.0,1.0
2025-10-16,262.0,269.92,262.0,267.03,333957.0,1.0
2025-10-17,264.0,267.49,253.4,259.36,345442.0,1.0
2025-10-20,264.0,277.0,260.87,264.22,569977.0,1.0
2025-10-21,265.0,284.65,256.45,281.15,654743.0,1.0
2025-10-22,274.61,281.15,274.39,278.6,359377.0,1.0
2025-10-23,277.03,289.66,276.6,286.22,412633.0,1.0
2025-10-24,295.0,308.99,287.3,308.98,621401.0,1.0
2025-10-27,315.89,346.58,315.89,340.32,690352.0,1.0
2025-10-28,320.0,341.1,320.0,327.0,782912.0,1.0
2025-10-29,343.06,346.55,328.28,339.0,688075.0,1.0
2025-10-30,335.05,340.0,319.8,328.6,558953.0,1.0
2025-10-31,328.49,328.81,294.0,294.0,634038.0,1.0
2025-11-03,290.3,300.0,284.45,298.15,428082.0,1.0
2025-11-04,296.99,304.19,291.92,294.5,292445.0,1.0
2025-11-05,280.0,300.99,280.0,298.39,297589.0,1.0
2025-11-06,304.0,320.0,301.05,316.21,454225.0,1.0
2025-11-07,315.01,318.92,310.04,312.05,286739.0,1.0
2025-11-10,314.77,315.08,287.07,301.94,449422.0,1.0
2025-11-11,305.88,305.88,286.0,289.18,343184.0,1.0
2025-11-12,283.14,293.88,280.49,288.5,303463.0,1.0
2025-11-13,285.1,291.2,281.2,289.3,217928.0,1.0
2025-11-14,282.18,287.0,275.0,275.0,269167.0,1.0
2025-11-17,280.11,287.6,276.72,281.18,228688.0,1.0
2025-11-18,277.0,290.0,274.91,279.9,262021.0,1.0
2025-11-19,276.01,285.15,275.0,277.14,230345.0,1.0
2025-11-20,291.0,293.0,275.88,276.31,280734.0,1.0
2025-11-21,263.9,267.0,254.61,254.95,385923.0,1.0
2025-11-24,259.61,261.0,247.5,251.81,269760.0,1.0
2025-11-25,257.5,272.8,256.84,265.05,371826.0,1.0
2025-11-26,262.11,285.0,259.0,277.0,463362.0,1.0
2025-11-27,277.5,289.89,275.21,277.17,373765.0,1.0
2025-11-28,273.39,275.83,267.54,270.7,275808.0,1.0
2025-12-01,265.55,270.72,257.0,268.82,371413.0,1.0
2025-12-02,269.8,282.0,267.0,272.36,340792.0,1.0
2025-12-03,271.58,279.66,267.55,268.14,306543.0,1.0
2025-12-04,271.0,277.35,268.0,274.0,287858.0,1.0
2025-12-05,275.08,275.5,264.8,271.94,304774.0,1.0
2025-12-08,269.5,292.8,268.94,287.01,535433.0,1.0
2025-12-09,289.97,318.08,288.71,318.05,691977.0,1.0
2025-12-10,315.0,315.0,294.68,303.2,591645.0,1.0
2025-12-11,300.0,311.95,298.0,298.0,428133.0,1.0
2025-12-12,294.88,306.0,287.81,302.4,579807.0,1.0
2025-12-15,290.0,296.0,284.95,288.0,462084.0,1.0
2025-12-16,290.0,296.0,285.5,287.09,335178.0,1.0
2025-12-17,287.01,306.0,285.65,304.16,456618.0,1.0
2025-12-18,295.4,297.23,290.21,290.3,297822.0,1.0
2025-12-19,295.33,295.65,287.84,287.88,209103.0,1.0
2025-12-22,293.61,301.0,292.21,297.77,354612.0,1.0
2025-12-23,298.0,314.88,298.0,308.0,404684.0,1.0
2025-12-24,312.94,313.5,301.1,309.28,366359.0,1.0
2025-12-25,309.27,312.5,298.68,299.51,329193.0,1.0
2025-12-26,295.94,297.15,290.0,291.99,300089.0,1.0
2025-12-29,289.88,305.44,289.01,299.16,368729.0,1.0
2025-12-30,294.99,299.91,291.16,296.5,263392.0,1.0
2025-12-31,297.0,297.77,287.58,287.58,248746.0,1.0
2026-01-05,291.8,315.77,289.01,310.0,549047.0,1.0
2026-01-06,305.88,322.0,305.82,314.66,446695.0,1.0
2026-01-07,312.5,318.82,303.5,307.99,417734.0,1.0
2026-01-08,307.78,310.88,295.0,295.7,337992.0,1.0
2026-01-09,291.0,304.57,281.91,294.8,387700.0,1.0
2026-01-12,288.91,290.0,283.28,285.0,386115.0,1.0
2026-01-13,281.07,290.48,278.01,279.0,295938.0,1.0
2026-01-14,282.39,286.8,276.15,281.92,309568.0,1.0
2026-01-15,278.01,286.0,273.56,283.07,312970.0,1.0
2026-01-16,286.0,287.99,280.08,281.19,360231.0,1.0
2026-01-19,270.02,284.88,267.53,275.48,347160.0,1.0
2026-01-20,273.01,274.8,259.68,261.5,372042.0,1.0
2026-01-21,260.87,270.5,260.1,267.49,288567.0,1.0
2026-01-22,271.0,277.55,270.49,274.89,286919.0,1.0
2026-01-23,274.08,274.22,264.0,264.31,267478.0,1.0
2026-01-26,267.02,269.59,264.59,265.5,189314.0,1.0
2026-01-27,265.4,271.58,260.2,267.7,246815.0,1.0
2026-01-28,267.77,271.74,264.08,264.39,251947.0,1.0
2026-01-29,265.0,265.5,257.27,257.7,278894.0,1.0
2026-01-30,256.0,267.7,253.3,264.78,317589.0,1.0
2026-02-02,268.01,278.3,266.31,267.7,388689.0,1.0
2026-02-03,272.21,272.8,258.88,265.25,305235.0,1.0
2026-02-04,262.2,264.0,253.0,256.5,280613.0,1.0
2026-02-05,252.51,255.6,250.0,253.14,161734.0,1.0
2026-02-06,250.0,265.98,244.3,257.8,313719.0,1.0
2026-02-09,265.88,272.68,263.43,271.37,352741.0,1.0
2026-02-10,270.0,275.38,268.0,268.5,211422.0,1.0
2026-02-11,266.44,270.0,262.31,263.4,174153.0,1.0
2026-02-12,263.0,264.18,256.6,260.39,217636.0,1.0
2026-02-13,258.7,265.83,256.39,259.88,174695.0,1.0
2026-02-24,264.02,271.5,258.5,267.65,286430.0,1.0
2026-02-25,268.0,294.89,266.97,292.58,614176.0,1.0
2026-02-26,293.0,323.83,290.0,315.25,799320.0,1.0
2026-02-27,304.01,307.68,298.1,304.06,493501.0,1.0
2026-03-02,300.0,307.98,296.89,303.3,394378.0,1.0
2026-03-03,307.11,308.8,283.49,284.0,443613.0,1.0
2026-03-04,280.11,295.55,278.0,286.62,315923.0,1.0
2026-03-05,293.1,299.02,280.62,284.95,435023.0,1.0
2026-03-06,282.0,285.29,274.91,278.39,291425.0,1.0
2026-03-09,270.0,271.81,260.2,270.04,328941.0,1.0
2026-03-10,278.0,289.99,276.5,289.0,396577.0,1.0
2026-03-11,288.99,290.55,283.8,284.8,262234.0,1.0
2026-03-12,282.99,285.8,273.4,280.49,282158.0,1.0
2026-03-13,275.0,287.49,273.88,278.23,299278.0,1.0
2026-03-16,278.23,289.9,271.5,289.05,371890.0,1.0
2026-03-17,305.01,309.04,280.0,280.0,499208.0,1.0
2026-03-18,282.13,293.0,277.01,289.65,436797.0,1.0
2026-03-19,281.0,283.58,276.4,277.28,326610.0,1.0
2026-03-20,281.0,286.9,277.76,278.72,331516.0,1.0
2026-03-23,267.82,269.8,260.47,261.42,339919.0,1.0
2026-03-24,263.23,266.5,259.18,266.06,202279.0,1.0
2026-03-25,270.79,271.74,265.0,266.44,256858.0,1.0
2026-03-26,265.11,274.0,262.43,268.89,292531.0,1.0
2026-03-27,261.5,265.99,256.88,262.1,228331.0,1.0
2026-03-30,257.0,261.0,252.68,257.28,221768.0,1.0
2026-03-31,256.0,261.0,250.8,251.0,219685.0,1.0
2026-04-01,260.0,261.0,254.4,257.16,230438.0,1.0
2026-04-02,256.0,263.67,254.2,257.08,274304.0,1.0
2026-04-03,258.04,269.87,258.0,263.68,354970.0,1.0
2026-04-07,266.19,271.57,263.01,264.88,210925.0,1.0
2026-04-08,273.98,285.9,270.05,285.88,457691.0,1.0
2026-04-09,280.0,283.7,277.3,278.02,341554.0,1.0
2026-04-10,281.0,295.8,278.99,289.77,484517.0,1.0
2026-04-13,285.0,301.99,285.0,298.15,450794.0,1.0
2026-04-14,299.62,314.0,295.7,310.0,581665.0,1.0
2026-04-15,310.0,312.79,292.55,295.44,456222.0,1.0
2026-04-16,298.7,306.5,293.0,303.5,400179.0,1.0
2026-04-17,305.04,335.0,301.36,326.42,666512.0,1.0
2026-04-20,329.0,349.79,326.9,343.0,544757.0,1.0
2026-04-21,330.0,338.88,325.01,330.9,499388.0,1.0
2026-04-22,331.0,345.0,326.57,342.78,465655.0,1.0
2026-04-23,346.11,348.0,326.0,331.95,506821.0,1.0
2026-04-24,325.32,333.8,310.46,315.59,515921.0,1.0
2026-04-27,318.64,327.0,315.59,317.4,350620.0,1.0
2026-04-28,320.0,320.78,309.28,313.06,283772.0,1.0
2026-04-29,306.0,343.1,304.0,333.87,625824.0,1.0
2026-04-30,333.0,336.86,326.06,328.49,323533.0,1.0
2026-05-06,334.01,338.89,325.0,325.92,521712.0,1.0
2026-05-07,330.0,340.87,330.0,338.06,562663.0,1.0
2026-05-08,333.03,367.01,333.03,358.66,559681.0,1.0
2026-05-11,362.47,383.51,352.0,378.24,627609.0,1.0
2026-05-12,377.87,384.79,368.88,375.43,475036.0,1.0
2026-05-13,370.0,389.5,369.88,387.4,464644.0,1.0
2026-05-14,388.0,390.0,354.6,354.83,747112.0,1.0
2026-05-15,354.83,361.9,336.2,340.22,535795.0,1.0
2026-05-18,336.6,352.52,336.26,346.2,368509.0,1.0
2026-05-19,342.0,343.0,325.42,336.98,376039.0,1.0
2026-05-20,336.0,339.08,330.1,334.2,295415.0,1.0
2026-05-21,342.0,349.43,330.0,331.4,472732.0,1.0
2026-05-22,346.04,375.5,346.04,375.5,801700.0,1.0
2026-05-25,390.0,391.01,372.18,383.5,721813.0,1.0
2026-05-26,380.0,400.0,376.66,392.95,695578.0,1.0
2026-05-27,385.88,402.6,376.89,379.3,586790.0,1.0
2026-05-28,373.0,378.53,364.0,375.3,467476.0,1.0
2026-05-29,378.0,396.98,366.5,368.52,520884.0,1.0
2026-06-01,375.56,381.68,342.0,342.35,495131.0,1.0
2026-06-02,343.0,356.31,334.16,349.08,420825.0,1.0
2026-06-03,349.08,369.15,345.01,353.44,535732.0,1.0
2026-06-04,346.0,373.3,344.7,366.72,513439.0,1.0
2026-06-05,359.84,360.0,336.5,338.9,553281.0,1.0
2026-06-08,307.0,325.47,306.56,324.96,392793.0,1.0
